<?xml version="1.0" encoding="UTF-8"?>
<node>
<version>6</version>
<dict>
  <key>title</key><string>Root_USER_ADD</string>
  <key>nodeid</key><string>8c3e4236-cfeb-4978-a750-441409052c69</string>
  <key>modified_time</key><integer>1480253068</integer>
  <key>version</key><integer>6</integer>
  <key>content_type</key><string>text/xhtml+xml</string>
  <key>created_time</key><integer>1480252403</integer>
  <key>info_sort_dir</key><integer>1</integer>
  <key>order</key><integer>27</integer>
  <key>info_sort</key><string>order</string>
</dict>
</node>
