<?xml version="1.0" encoding="UTF-8"?>
<node>
<version>6</version>
<dict>
  <key>title</key><string>Password-grep</string>
  <key>nodeid</key><string>3d81b3e9-8391-46a2-8d60-1d28792abe50</string>
  <key>modified_time</key><integer>1480251731</integer>
  <key>version</key><integer>6</integer>
  <key>content_type</key><string>text/xhtml+xml</string>
  <key>created_time</key><integer>1480250967</integer>
  <key>info_sort_dir</key><integer>1</integer>
  <key>order</key><integer>48</integer>
  <key>info_sort</key><string>order</string>
</dict>
</node>
