<?xml version="1.0" encoding="UTF-8"?>
<node>
<version>6</version>
<dict>
  <key>title</key><string>New Page</string>
  <key>nodeid</key><string>0f6a567d-e6ff-4484-b498-9f1150b590c1</string>
  <key>modified_time</key><integer>1515368551</integer>
  <key>version</key><integer>6</integer>
  <key>content_type</key><string>text/xhtml+xml</string>
  <key>created_time</key><integer>1515368520</integer>
  <key>info_sort_dir</key><integer>1</integer>
  <key>order</key><integer>16</integer>
  <key>info_sort</key><string>order</string>
</dict>
</node>
