<?xml version="1.0" encoding="UTF-8"?>
<node>
<version>6</version>
<dict>
  <key>title</key><string>Ping Sweep</string>
  <key>nodeid</key><string>cda9801f-ca7c-450a-8c79-3cbc797e6a30</string>
  <key>modified_time</key><integer>1575741964</integer>
  <key>version</key><integer>6</integer>
  <key>content_type</key><string>text/xhtml+xml</string>
  <key>created_time</key><integer>1575741927</integer>
  <key>info_sort_dir</key><integer>1</integer>
  <key>order</key><integer>44</integer>
  <key>info_sort</key><string>order</string>
</dict>
</node>
