<?xml version="1.0" encoding="UTF-8"?>
<node>
<version>6</version>
<dict>
  <key>title</key><string>Get-BrowserData</string>
  <key>nodeid</key><string>3e987354-824c-4f48-8eed-307781676b5e</string>
  <key>modified_time</key><integer>1544823255</integer>
  <key>version</key><integer>6</integer>
  <key>content_type</key><string>text/xhtml+xml</string>
  <key>created_time</key><integer>1544823011</integer>
  <key>info_sort_dir</key><integer>1</integer>
  <key>order</key><integer>79</integer>
  <key>info_sort</key><string>order</string>
</dict>
</node>
