<?xml version="1.0" encoding="UTF-8"?>
<node>
<version>6</version>
<dict>
  <key>title</key><string>DNSCat</string>
  <key>nodeid</key><string>040515ea-0538-4726-a76c-2d24928cd751</string>
  <key>modified_time</key><integer>1531026455</integer>
  <key>version</key><integer>6</integer>
  <key>content_type</key><string>text/xhtml+xml</string>
  <key>created_time</key><integer>1530124150</integer>
  <key>info_sort_dir</key><integer>1</integer>
  <key>order</key><integer>86</integer>
  <key>info_sort</key><string>order</string>
</dict>
</node>
