<?xml version="1.0" encoding="UTF-8"?>
<node>
<version>6</version>
<dict>
  <key>title</key><string>Web Application Security</string>
  <key>nodeid</key><string>634db0a1-0c6e-4e6f-8258-96a6d998a404</string>
  <key>modified_time</key><integer>1586132603</integer>
  <key>version</key><integer>6</integer>
  <key>content_type</key><string>text/xhtml+xml</string>
  <key>created_time</key><integer>1586123619</integer>
  <key>info_sort_dir</key><integer>1</integer>
  <key>order</key><integer>12</integer>
  <key>info_sort</key><string>order</string>
</dict>
</node>
