<?xml version="1.0" encoding="UTF-8"?>
<node>
<version>6</version>
<dict>
  <key>title</key><string>Windows - Powerview, enumerate groups/ACL</string>
  <key>nodeid</key><string>3bd8cd68-7d8e-4faa-9f50-0eef3f0d567a</string>
  <key>modified_time</key><integer>1577464363</integer>
  <key>version</key><integer>6</integer>
  <key>content_type</key><string>text/xhtml+xml</string>
  <key>created_time</key><integer>1577460711</integer>
  <key>info_sort_dir</key><integer>1</integer>
  <key>order</key><integer>13</integer>
  <key>info_sort</key><string>order</string>
</dict>
</node>
