<?xml version="1.0" encoding="UTF-8"?>
<node>
<version>6</version>
<dict>
  <key>title</key><string>Cut Commands</string>
  <key>nodeid</key><string>5c60415a-58a0-4257-b326-69484cdc1db7</string>
  <key>modified_time</key><integer>1565882033</integer>
  <key>version</key><integer>6</integer>
  <key>content_type</key><string>text/xhtml+xml</string>
  <key>created_time</key><integer>1565881839</integer>
  <key>info_sort_dir</key><integer>1</integer>
  <key>order</key><integer>89</integer>
  <key>info_sort</key><string>order</string>
</dict>
</node>
