<?xml version="1.0" encoding="UTF-8"?>
<node>
<version>6</version>
<dict>
  <key>title</key><string>Named Pipes</string>
  <key>nodeid</key><string>bdf64b52-c48f-4312-bf1c-10fde0003f91</string>
  <key>modified_time</key><integer>1576365699</integer>
  <key>version</key><integer>6</integer>
  <key>content_type</key><string>text/xhtml+xml</string>
  <key>created_time</key><integer>1576365631</integer>
  <key>info_sort_dir</key><integer>1</integer>
  <key>order</key><integer>58</integer>
  <key>info_sort</key><string>order</string>
</dict>
</node>
