<?xml version="1.0" encoding="UTF-8"?>
<node>
<version>6</version>
<dict>
  <key>expanded</key><false/>
  <key>title</key><string>Powershell</string>
  <key>nodeid</key><string>04f2d97f-9acf-49ab-9569-a29dc1a60b6f</string>
  <key>modified_time</key><integer>1499003034</integer>
  <key>version</key><integer>6</integer>
  <key>content_type</key><string>text/xhtml+xml</string>
  <key>created_time</key><integer>1481104469</integer>
  <key>info_sort_dir</key><integer>1</integer>
  <key>order</key><integer>40</integer>
  <key>info_sort</key><string>order</string>
</dict>
</node>
