<?xml version="1.0" encoding="UTF-8"?>
<node>
<version>6</version>
<dict>
  <key>title</key><string>Network-Change-ip</string>
  <key>nodeid</key><string>28d4d0f8-7a34-453c-9a6c-bbfd2465986e</string>
  <key>modified_time</key><integer>1575760667</integer>
  <key>version</key><integer>6</integer>
  <key>content_type</key><string>text/xhtml+xml</string>
  <key>created_time</key><integer>1480251361</integer>
  <key>info_sort_dir</key><integer>1</integer>
  <key>order</key><integer>55</integer>
  <key>info_sort</key><string>order</string>
</dict>
</node>
