<?xml version="1.0" encoding="UTF-8"?>
<node>
<version>6</version>
<dict>
  <key>title</key><string>Hex encode Command Line</string>
  <key>nodeid</key><string>76480340-2b7c-4650-80f5-aeca6624da2f</string>
  <key>modified_time</key><integer>1504487580</integer>
  <key>version</key><integer>6</integer>
  <key>content_type</key><string>text/xhtml+xml</string>
  <key>created_time</key><integer>1504487021</integer>
  <key>info_sort_dir</key><integer>1</integer>
  <key>order</key><integer>76</integer>
  <key>info_sort</key><string>order</string>
</dict>
</node>
