<?xml version="1.0" encoding="UTF-8"?>
<node>
<version>6</version>
<dict>
  <key>title</key><string>PHP-Shells</string>
  <key>nodeid</key><string>7493fab0-bae9-4070-9e4c-535fdf1e75d8</string>
  <key>modified_time</key><integer>1504008571</integer>
  <key>version</key><integer>6</integer>
  <key>content_type</key><string>text/xhtml+xml</string>
  <key>created_time</key><integer>1480250968</integer>
  <key>info_sort_dir</key><integer>1</integer>
  <key>order</key><integer>45</integer>
  <key>info_sort</key><string>order</string>
</dict>
</node>
