<?xml version="1.0" encoding="UTF-8"?>
<node>
<version>6</version>
<dict>
  <key>expanded</key><false/>
  <key>nodeid</key><string>db7d8ae6-5812-4d71-96aa-6e1908a5d33e</string>
  <key>modified_time</key><integer>1558014014</integer>
  <key>content_type</key><string>application/x-notebook-dir</string>
  <key>created_time</key><integer>1558014014</integer>
  <key>info_sort_dir</key><integer>1</integer>
  <key>icon</key><string>web.png</string>
  <key>title</key><string>Playbook</string>
  <key>version</key><integer>6</integer>
  <key>order</key><integer>0</integer>
  <key>info_sort</key><string>order</string>
</dict>
</node>
