<?xml version="1.0" encoding="UTF-8"?>
<node>
<version>6</version>
<dict>
  <key>title</key><string>Password-Cracking</string>
  <key>nodeid</key><string>2c16b173-b43d-4b1d-b5a6-e4ac84f8d14c</string>
  <key>modified_time</key><integer>1532660977</integer>
  <key>version</key><integer>6</integer>
  <key>content_type</key><string>text/xhtml+xml</string>
  <key>created_time</key><integer>1480249283</integer>
  <key>info_sort_dir</key><integer>1</integer>
  <key>order</key><integer>47</integer>
  <key>info_sort</key><string>order</string>
</dict>
</node>
