<?xml version="1.0" encoding="UTF-8"?>
<node>
<version>6</version>
<dict>
  <key>title</key><string>Mortar-Shells</string>
  <key>nodeid</key><string>c887e928-1c96-4f19-ab04-86e03037d38e</string>
  <key>modified_time</key><integer>1481078265</integer>
  <key>version</key><integer>6</integer>
  <key>content_type</key><string>text/xhtml+xml</string>
  <key>created_time</key><integer>1480251360</integer>
  <key>info_sort_dir</key><integer>1</integer>
  <key>order</key><integer>61</integer>
  <key>info_sort</key><string>order</string>
</dict>
</node>
