<?xml version="1.0" encoding="UTF-8"?>
<node>
<version>6</version>
<dict>
  <key>title</key><string>Files-inside-of-pictures</string>
  <key>nodeid</key><string>7cf45648-6aed-4894-b3ab-d6f9a1f216ad</string>
  <key>modified_time</key><integer>1480250670</integer>
  <key>version</key><integer>6</integer>
  <key>content_type</key><string>text/xhtml+xml</string>
  <key>created_time</key><integer>1480249284</integer>
  <key>info_sort_dir</key><integer>1</integer>
  <key>order</key><integer>82</integer>
  <key>info_sort</key><string>order</string>
</dict>
</node>
