<?xml version="1.0" encoding="UTF-8"?>
<node>
<version>6</version>
<dict>
  <key>title</key><string>Merlin</string>
  <key>nodeid</key><string>d41d0f59-fbb7-4e8b-af84-c90f7d8f0039</string>
  <key>modified_time</key><integer>1545162206</integer>
  <key>version</key><integer>6</integer>
  <key>content_type</key><string>text/xhtml+xml</string>
  <key>created_time</key><integer>1537721108</integer>
  <key>info_sort_dir</key><integer>1</integer>
  <key>order</key><integer>65</integer>
  <key>info_sort</key><string>order</string>
</dict>
</node>
