<?xml version="1.0" encoding="UTF-8"?>
<node>
<version>6</version>
<dict>
  <key>title</key><string>Python</string>
  <key>nodeid</key><string>b2d6bda3-5f12-4db7-88eb-cc0aaa212c40</string>
  <key>modified_time</key><integer>1552400200</integer>
  <key>version</key><integer>6</integer>
  <key>content_type</key><string>text/xhtml+xml</string>
  <key>created_time</key><integer>1504488761</integer>
  <key>info_sort_dir</key><integer>1</integer>
  <key>order</key><integer>34</integer>
  <key>info_sort</key><string>order</string>
</dict>
</node>
