<?xml version="1.0" encoding="UTF-8"?>
<node>
<version>6</version>
<dict>
  <key>title</key><string>Cracking WEP via a Client Attack</string>
  <key>nodeid</key><string>2a7112ad-b4a2-4824-a421-75ecf2b08d2e</string>
  <key>modified_time</key><integer>1486376507</integer>
  <key>expanded2</key><true/>
  <key>version</key><integer>6</integer>
  <key>content_type</key><string>text/xhtml+xml</string>
  <key>created_time</key><integer>1486376417</integer>
  <key>info_sort_dir</key><integer>1</integer>
  <key>order</key><integer>6</integer>
  <key>info_sort</key><string>order</string>
</dict>
</node>
