<?xml version="1.0" encoding="UTF-8"?>
<node>
<version>6</version>
<dict>
  <key>title</key><string>PowerUp - Privilege Escalation</string>
  <key>nodeid</key><string>e20b69c8-8b20-4c44-bcaa-e376a06b2ba8</string>
  <key>modified_time</key><integer>1547988405</integer>
  <key>version</key><integer>6</integer>
  <key>content_type</key><string>text/xhtml+xml</string>
  <key>created_time</key><integer>1547988405</integer>
  <key>info_sort_dir</key><integer>1</integer>
  <key>order</key><integer>3</integer>
  <key>info_sort</key><string>order</string>
</dict>
</node>
