<?xml version="1.0" encoding="UTF-8"?>
<node>
<version>6</version>
<dict>
  <key>title</key><string>Client-Side-Iframe-Attack</string>
  <key>nodeid</key><string>2700c424-7c68-446f-831a-9db7eb05adf7</string>
  <key>modified_time</key><integer>1480249642</integer>
  <key>version</key><integer>6</integer>
  <key>content_type</key><string>text/xhtml+xml</string>
  <key>created_time</key><integer>1480249282</integer>
  <key>info_sort_dir</key><integer>1</integer>
  <key>order</key><integer>94</integer>
  <key>info_sort</key><string>order</string>
</dict>
</node>
