<?xml version="1.0" encoding="UTF-8"?>
<node>
<version>6</version>
<dict>
  <key>title</key><string>16 File Transfers [2020]</string>
  <key>nodeid</key><string>1a86a000-2c35-434d-bc15-8ef736053436</string>
  <key>modified_time</key><integer>1602890859</integer>
  <key>version</key><integer>6</integer>
  <key>content_type</key><string>text/xhtml+xml</string>
  <key>created_time</key><integer>1602882191</integer>
  <key>info_sort_dir</key><integer>1</integer>
  <key>order</key><integer>15</integer>
  <key>info_sort</key><string>order</string>
</dict>
</node>
