<?xml version="1.0" encoding="UTF-8"?>
<node>
<version>6</version>
<dict>
  <key>title</key><string>C#</string>
  <key>nodeid</key><string>a012faf1-777b-43d8-b95c-3d9f3d75b8df</string>
  <key>modified_time</key><integer>1555934193</integer>
  <key>version</key><integer>6</integer>
  <key>content_type</key><string>text/xhtml+xml</string>
  <key>created_time</key><integer>1554991197</integer>
  <key>info_sort_dir</key><integer>1</integer>
  <key>order</key><integer>96</integer>
  <key>info_sort</key><string>order</string>
</dict>
</node>
