<?xml version="1.0" encoding="UTF-8"?>
<node>
<version>6</version>
<dict>
  <key>title</key><string>Reaver</string>
  <key>nodeid</key><string>fe7934e0-398a-4742-8b5c-bb4e732e5fae</string>
  <key>modified_time</key><integer>1551671031</integer>
  <key>version</key><integer>6</integer>
  <key>content_type</key><string>text/xhtml+xml</string>
  <key>created_time</key><integer>1551670974</integer>
  <key>info_sort_dir</key><integer>1</integer>
  <key>order</key><integer>17</integer>
  <key>info_sort</key><string>order</string>
</dict>
</node>
