<?xml version="1.0" encoding="UTF-8"?>
<node>
<version>6</version>
<dict>
  <key>expanded</key><false/>
  <key>nodeid</key><string>be284824-3ca5-40fa-9251-b0da865d36d4</string>
  <key>modified_time</key><integer>1555509997</integer>
  <key>content_type</key><string>application/x-notebook-dir</string>
  <key>created_time</key><integer>1555509997</integer>
  <key>info_sort_dir</key><integer>1</integer>
  <key>icon</key><string>folder-red.png</string>
  <key>title</key><string>Cobalt Strike</string>
  <key>version</key><integer>6</integer>
  <key>order</key><integer>4</integer>
  <key>info_sort</key><string>order</string>
</dict>
</node>
