<?xml version="1.0" encoding="UTF-8"?>
<node>
<version>6</version>
<dict>
  <key>title</key><string>Assembly</string>
  <key>nodeid</key><string>e20bcc7c-1ef3-4034-b801-7212ec6ab34b</string>
  <key>modified_time</key><integer>1518178722</integer>
  <key>version</key><integer>6</integer>
  <key>content_type</key><string>text/xhtml+xml</string>
  <key>created_time</key><integer>1518178505</integer>
  <key>info_sort_dir</key><integer>1</integer>
  <key>order</key><integer>98</integer>
  <key>info_sort</key><string>order</string>
</dict>
</node>
