<?xml version="1.0" encoding="UTF-8"?>
<node>
<version>6</version>
<dict>
  <key>title</key><string>Responder</string>
  <key>nodeid</key><string>12be6b87-9320-4049-9176-2009cd261d14</string>
  <key>modified_time</key><integer>1565478417</integer>
  <key>version</key><integer>6</integer>
  <key>content_type</key><string>text/xhtml+xml</string>
  <key>created_time</key><integer>1514990732</integer>
  <key>info_sort_dir</key><integer>1</integer>
  <key>order</key><integer>29</integer>
  <key>info_sort</key><string>order</string>
</dict>
</node>
