<?xml version="1.0" encoding="UTF-8"?>
<node>
<version>6</version>
<dict>
  <key>title</key><string>WIFITE</string>
  <key>nodeid</key><string>8121a45d-d1de-460d-aa5a-aff750003d32</string>
  <key>modified_time</key><integer>1485219682</integer>
  <key>version</key><integer>6</integer>
  <key>content_type</key><string>text/xhtml+xml</string>
  <key>created_time</key><integer>1485219496</integer>
  <key>info_sort_dir</key><integer>1</integer>
  <key>order</key><integer>2</integer>
  <key>info_sort</key><string>order</string>
</dict>
</node>
