<?xml version="1.0" encoding="UTF-8"?>
<node>
<version>6</version>
<dict>
  <key>title</key><string>Nginx-Bypass</string>
  <key>nodeid</key><string>dcf31e37-4035-4526-b794-d58e75b43709</string>
  <key>modified_time</key><integer>1480251644</integer>
  <key>version</key><integer>6</integer>
  <key>content_type</key><string>text/xhtml+xml</string>
  <key>created_time</key><integer>1480251361</integer>
  <key>info_sort_dir</key><integer>1</integer>
  <key>order</key><integer>54</integer>
  <key>info_sort</key><string>order</string>
</dict>
</node>
