<?xml version="1.0" encoding="UTF-8"?>
<node>
<version>6</version>
<dict>
  <key>title</key><string>Masscan</string>
  <key>nodeid</key><string>5ba4c6fa-1cbe-477c-9faf-035e65e0c56e</string>
  <key>modified_time</key><integer>1513066735</integer>
  <key>version</key><integer>6</integer>
  <key>content_type</key><string>text/xhtml+xml</string>
  <key>created_time</key><integer>1510233168</integer>
  <key>info_sort_dir</key><integer>1</integer>
  <key>order</key><integer>66</integer>
  <key>info_sort</key><string>order</string>
</dict>
</node>
