<?xml version="1.0" encoding="UTF-8"?>
<node>
<version>6</version>
<dict>
  <key>title</key><string>Shellshock-Squid</string>
  <key>nodeid</key><string>88f4da8b-44be-480a-949d-baf1515308e7</string>
  <key>modified_time</key><integer>1480255817</integer>
  <key>version</key><integer>6</integer>
  <key>content_type</key><string>text/xhtml+xml</string>
  <key>created_time</key><integer>1480252404</integer>
  <key>info_sort_dir</key><integer>1</integer>
  <key>order</key><integer>22</integer>
  <key>info_sort</key><string>order</string>
</dict>
</node>
