<?xml version="1.0" encoding="UTF-8"?>
<node>
<version>6</version>
<dict>
  <key>title</key><string>Ports</string>
  <key>nodeid</key><string>92218e28-159a-4991-8ac4-982912fc3f55</string>
  <key>modified_time</key><integer>1480252429</integer>
  <key>version</key><integer>6</integer>
  <key>content_type</key><string>text/xhtml+xml</string>
  <key>created_time</key><integer>1480250968</integer>
  <key>info_sort_dir</key><integer>1</integer>
  <key>order</key><integer>42</integer>
  <key>info_sort</key><string>order</string>
</dict>
</node>
