<?xml version="1.0" encoding="UTF-8"?>
<node>
<version>6</version>
<dict>
  <key>title</key><string>SSHuttle</string>
  <key>nodeid</key><string>27fc3fd8-b829-4ad0-9154-a6e5d6e06166</string>
  <key>modified_time</key><integer>1565550287</integer>
  <key>version</key><integer>6</integer>
  <key>content_type</key><string>text/xhtml+xml</string>
  <key>created_time</key><integer>1565543424</integer>
  <key>info_sort_dir</key><integer>1</integer>
  <key>order</key><integer>16</integer>
  <key>info_sort</key><string>order</string>
</dict>
</node>
