<?xml version="1.0" encoding="UTF-8"?>
<node>
<version>6</version>
<dict>
  <key>title</key><string>Bypass-UAC</string>
  <key>nodeid</key><string>fbbeb1c9-f4aa-4781-ac82-60a5e9efa137</string>
  <key>modified_time</key><integer>1554991426</integer>
  <key>version</key><integer>6</integer>
  <key>content_type</key><string>text/xhtml+xml</string>
  <key>created_time</key><integer>1480249282</integer>
  <key>info_sort_dir</key><integer>1</integer>
  <key>order</key><integer>97</integer>
  <key>info_sort</key><string>order</string>
</dict>
</node>
