<?xml version="1.0" encoding="UTF-8"?>
<node>
<version>6</version>
<dict>
  <key>title</key><string>Crack WEP</string>
  <key>nodeid</key><string>c5f8ca19-226a-46ea-a790-6057475dbc0a</string>
  <key>modified_time</key><integer>1486379232</integer>
  <key>version</key><integer>6</integer>
  <key>content_type</key><string>text/xhtml+xml</string>
  <key>created_time</key><integer>1486328805</integer>
  <key>info_sort_dir</key><integer>1</integer>
  <key>order</key><integer>4</integer>
  <key>info_sort</key><string>order</string>
</dict>
</node>
