<?xml version="1.0" encoding="UTF-8"?>
<node>
<version>6</version>
<dict>
  <key>title</key><string>Mail and SMTP Enumeration/Manipulation</string>
  <key>nodeid</key><string>febdb007-5a84-428d-b690-7762d9f2e5cc</string>
  <key>modified_time</key><integer>1575225847</integer>
  <key>version</key><integer>6</integer>
  <key>content_type</key><string>text/xhtml+xml</string>
  <key>created_time</key><integer>1575224548</integer>
  <key>info_sort_dir</key><integer>1</integer>
  <key>order</key><integer>5</integer>
  <key>info_sort</key><string>order</string>
</dict>
</node>
