<?xml version="1.0" encoding="UTF-8"?>
<node>
<version>6</version>
<dict>
  <key>title</key><string>Random Shellcode - Scratch-Pad</string>
  <key>nodeid</key><string>08471845-dc81-4bfb-a4fa-32b811abafb9</string>
  <key>modified_time</key><integer>1480253369</integer>
  <key>version</key><integer>6</integer>
  <key>content_type</key><string>text/xhtml+xml</string>
  <key>created_time</key><integer>1480252403</integer>
  <key>info_sort_dir</key><integer>1</integer>
  <key>order</key><integer>26</integer>
  <key>info_sort</key><string>order</string>
</dict>
</node>
