<?xml version="1.0" encoding="UTF-8"?>
<node>
<version>6</version>
<dict>
  <key>title</key><string>NetCat-FTP</string>
  <key>nodeid</key><string>5f735516-2bc1-4438-b780-134d420c4217</string>
  <key>modified_time</key><integer>1565368946</integer>
  <key>version</key><integer>6</integer>
  <key>content_type</key><string>text/xhtml+xml</string>
  <key>created_time</key><integer>1480251361</integer>
  <key>info_sort_dir</key><integer>1</integer>
  <key>order</key><integer>56</integer>
  <key>info_sort</key><string>order</string>
</dict>
</node>
