<?xml version="1.0" encoding="UTF-8"?>
<node>
<version>6</version>
<dict>
  <key>title</key><string>RDESKTOP and Screen for Linux</string>
  <key>nodeid</key><string>b2b57b9b-926a-4d92-9705-535d660d09f2</string>
  <key>modified_time</key><integer>1576371123</integer>
  <key>version</key><integer>6</integer>
  <key>content_type</key><string>text/xhtml+xml</string>
  <key>created_time</key><integer>1504007446</integer>
  <key>info_sort_dir</key><integer>1</integer>
  <key>order</key><integer>32</integer>
  <key>info_sort</key><string>order</string>
</dict>
</node>
