<?xml version="1.0" encoding="UTF-8"?>
<node>
<version>6</version>
<dict>
  <key>title</key><string>aircrack-ng</string>
  <key>nodeid</key><string>a49ffa35-3f76-4d68-9664-7476e1e3848a</string>
  <key>modified_time</key><integer>1485112995</integer>
  <key>version</key><integer>6</integer>
  <key>content_type</key><string>text/xhtml+xml</string>
  <key>created_time</key><integer>1485109327</integer>
  <key>info_sort_dir</key><integer>1</integer>
  <key>order</key><integer>1</integer>
  <key>info_sort</key><string>order</string>
</dict>
</node>
