<?xml version="1.0" encoding="UTF-8"?>
<node>
<version>6</version>
<dict>
  <key>title</key><string>Arp-Spoof</string>
  <key>nodeid</key><string>c737afe2-ac45-4915-87f5-7ed6ea94761a</string>
  <key>modified_time</key><integer>1480249388</integer>
  <key>version</key><integer>6</integer>
  <key>content_type</key><string>text/xhtml+xml</string>
  <key>created_time</key><integer>1480249278</integer>
  <key>info_sort_dir</key><integer>1</integer>
  <key>order</key><integer>101</integer>
  <key>info_sort</key><string>order</string>
</dict>
</node>
