<?xml version="1.0" encoding="UTF-8"?>
<node>
<version>6</version>
<dict>
  <key>title</key><string>Cracking WPA Attack</string>
  <key>nodeid</key><string>21c25703-af1c-426f-87bd-389824970f80</string>
  <key>modified_time</key><integer>1486376592</integer>
  <key>version</key><integer>6</integer>
  <key>content_type</key><string>text/xhtml+xml</string>
  <key>created_time</key><integer>1486376444</integer>
  <key>info_sort_dir</key><integer>1</integer>
  <key>order</key><integer>8</integer>
  <key>info_sort</key><string>order</string>
</dict>
</node>
