<?xml version="1.0" encoding="UTF-8"?>
<node>
<version>6</version>
<dict>
  <key>title</key><string>Compiling-Code</string>
  <key>nodeid</key><string>af058589-1019-4727-a54f-602e418d5760</string>
  <key>modified_time</key><integer>1494953235</integer>
  <key>version</key><integer>6</integer>
  <key>content_type</key><string>text/xhtml+xml</string>
  <key>created_time</key><integer>1480249283</integer>
  <key>info_sort_dir</key><integer>1</integer>
  <key>order</key><integer>93</integer>
  <key>info_sort</key><string>order</string>
</dict>
</node>
