<?xml version="1.0" encoding="UTF-8"?>
<node>
<version>6</version>
<dict>
  <key>title</key><string>httpscreenshot</string>
  <key>nodeid</key><string>8adc89a8-dc94-47aa-8f9d-08a8f3f810bd</string>
  <key>modified_time</key><integer>1502974353</integer>
  <key>version</key><integer>6</integer>
  <key>content_type</key><string>text/xhtml+xml</string>
  <key>created_time</key><integer>1502974339</integer>
  <key>info_sort_dir</key><integer>1</integer>
  <key>order</key><integer>73</integer>
  <key>info_sort</key><string>order</string>
</dict>
</node>
