<?xml version="1.0" encoding="UTF-8"?>
<node>
<version>6</version>
<dict>
  <key>title</key><string>Node [MongoDB PrivEsc and Path string Filter Bypass]</string>
  <key>nodeid</key><string>9ef3b72a-8f5e-42fc-9e2a-bededf07a18d</string>
  <key>modified_time</key><integer>1589853442</integer>
  <key>version</key><integer>6</integer>
  <key>content_type</key><string>text/xhtml+xml</string>
  <key>created_time</key><integer>1589766107</integer>
  <key>info_sort_dir</key><integer>1</integer>
  <key>order</key><integer>0</integer>
  <key>info_sort</key><string>order</string>
</dict>
</node>
