<?xml version="1.0" encoding="UTF-8"?>
<node>
<version>6</version>
<dict>
  <key>title</key><string>LOLBins</string>
  <key>nodeid</key><string>064828b5-7bb5-4ccb-973b-b927bb1b1203</string>
  <key>modified_time</key><integer>1576369752</integer>
  <key>version</key><integer>6</integer>
  <key>content_type</key><string>text/xhtml+xml</string>
  <key>created_time</key><integer>1565887853</integer>
  <key>info_sort_dir</key><integer>1</integer>
  <key>order</key><integer>68</integer>
  <key>info_sort</key><string>order</string>
</dict>
</node>
