<?xml version="1.0" encoding="UTF-8"?>
<node>
<version>6</version>
<dict>
  <key>title</key><string>SSH</string>
  <key>nodeid</key><string>168fcfae-295c-4fa7-9454-4ed5c1ab6933</string>
  <key>modified_time</key><integer>1567357515</integer>
  <key>version</key><integer>6</integer>
  <key>content_type</key><string>text/xhtml+xml</string>
  <key>created_time</key><integer>1567357407</integer>
  <key>info_sort_dir</key><integer>1</integer>
  <key>order</key><integer>15</integer>
  <key>info_sort</key><string>order</string>
</dict>
</node>
