<?xml version="1.0" encoding="UTF-8"?>
<node>
<version>6</version>
<dict>
  <key>title</key><string>Buffer-Overflow</string>
  <key>nodeid</key><string>27332165-8335-4ab9-8051-8390aa4bbe5b</string>
  <key>modified_time</key><integer>1480249526</integer>
  <key>version</key><integer>6</integer>
  <key>content_type</key><string>text/xhtml+xml</string>
  <key>created_time</key><integer>1480249281</integer>
  <key>info_sort_dir</key><integer>1</integer>
  <key>order</key><integer>99</integer>
  <key>info_sort</key><string>order</string>
</dict>
</node>
