<?xml version="1.0" encoding="UTF-8"?>
<node>
<version>6</version>
<dict>
  <key>title</key><string>Redis</string>
  <key>nodeid</key><string>2dae0ccf-cf96-42dd-a4dd-cdeb81dd12bc</string>
  <key>modified_time</key><integer>1480253029</integer>
  <key>version</key><integer>6</integer>
  <key>content_type</key><string>text/xhtml+xml</string>
  <key>created_time</key><integer>1480252402</integer>
  <key>info_sort_dir</key><integer>1</integer>
  <key>order</key><integer>31</integer>
  <key>info_sort</key><string>order</string>
</dict>
</node>
