<?xml version="1.0" encoding="UTF-8"?>
<node>
<version>6</version>
<dict>
  <key>title</key><string>Searchsploit</string>
  <key>nodeid</key><string>096b52eb-c059-40e3-bb3a-5633a66c4093</string>
  <key>modified_time</key><integer>1504004960</integer>
  <key>version</key><integer>6</integer>
  <key>content_type</key><string>text/xhtml+xml</string>
  <key>created_time</key><integer>1504004561</integer>
  <key>info_sort_dir</key><integer>1</integer>
  <key>order</key><integer>25</integer>
  <key>info_sort</key><string>order</string>
</dict>
</node>
