<?xml version="1.0" encoding="UTF-8"?>
<node>
<version>6</version>
<dict>
  <key>title</key><string>Clientless WEP attack</string>
  <key>nodeid</key><string>ac644bfb-33af-41a5-8c56-38a9849da48b</string>
  <key>modified_time</key><integer>1486376467</integer>
  <key>version</key><integer>6</integer>
  <key>content_type</key><string>text/xhtml+xml</string>
  <key>created_time</key><integer>1486376401</integer>
  <key>info_sort_dir</key><integer>1</integer>
  <key>order</key><integer>5</integer>
  <key>info_sort</key><string>order</string>
</dict>
</node>
