<?xml version="1.0" encoding="UTF-8"?>
<node>
<version>6</version>
<dict>
  <key>title</key><string>AD initial Attack Vectors</string>
  <key>nodeid</key><string>f9abbf74-6c3a-4407-9af4-988d50a89777</string>
  <key>modified_time</key><integer>1583657574</integer>
  <key>version</key><integer>6</integer>
  <key>content_type</key><string>text/xhtml+xml</string>
  <key>created_time</key><integer>1583326771</integer>
  <key>info_sort_dir</key><integer>1</integer>
  <key>order</key><integer>3</integer>
  <key>info_sort</key><string>order</string>
</dict>
</node>
