<?xml version="1.0" encoding="UTF-8"?>
<node>
<version>6</version>
<dict>
  <key>expanded</key><true/>
  <key>title</key><string>handshake-via-pcap</string>
  <key>nodeid</key><string>c8bcaece-4e5b-472f-a36a-2cb03ee893c5</string>
  <key>modified_time</key><integer>1485522041</integer>
  <key>expanded2</key><true/>
  <key>version</key><integer>6</integer>
  <key>content_type</key><string>text/xhtml+xml</string>
  <key>created_time</key><integer>1485520296</integer>
  <key>info_sort_dir</key><integer>1</integer>
  <key>order</key><integer>3</integer>
  <key>info_sort</key><string>order</string>
</dict>
</node>
