<?xml version="1.0" encoding="UTF-8"?>
<node>
<version>6</version>
<dict>
  <key>duplicate_of</key><string>7f1a7bd1-f8b2-4f0c-8c76-d2c38e15abee</string>
  <key>title</key><string>PAM Abuse</string>
  <key>nodeid</key><string>94223fac-76e8-49e7-8fc0-54686c1cb015</string>
  <key>modified_time</key><integer>1576718007</integer>
  <key>version</key><integer>6</integer>
  <key>content_type</key><string>text/xhtml+xml</string>
  <key>created_time</key><integer>1576359019</integer>
  <key>info_sort_dir</key><integer>1</integer>
  <key>order</key><integer>2</integer>
  <key>info_sort</key><string>order</string>
</dict>
</node>
