<?xml version="1.0" encoding="UTF-8"?>
<node>
<version>6</version>
<dict>
  <key>title</key><string>C-Language-Reverse-Shell</string>
  <key>nodeid</key><string>4d1cef91-8d10-4024-9cb0-b4555ad9dd69</string>
  <key>modified_time</key><integer>1480249605</integer>
  <key>version</key><integer>6</integer>
  <key>content_type</key><string>text/xhtml+xml</string>
  <key>created_time</key><integer>1480249282</integer>
  <key>info_sort_dir</key><integer>1</integer>
  <key>order</key><integer>0</integer>
  <key>info_sort</key><string>order</string>
</dict>
</node>
