<?xml version="1.0" encoding="UTF-8"?>
<node>
<version>6</version>
<dict>
  <key>title</key><string>NMAP and Scanning</string>
  <key>nodeid</key><string>06ce6309-2456-407b-9151-f4e046f2d1b0</string>
  <key>modified_time</key><integer>1549743894</integer>
  <key>version</key><integer>6</integer>
  <key>content_type</key><string>text/xhtml+xml</string>
  <key>created_time</key><integer>1480251361</integer>
  <key>info_sort_dir</key><integer>1</integer>
  <key>order</key><integer>52</integer>
  <key>info_sort</key><string>order</string>
</dict>
</node>
