<?xml version="1.0" encoding="UTF-8"?>
<node>
<version>6</version>
<dict>
  <key>title</key><string>Virtual-Box Guest Additions</string>
  <key>nodeid</key><string>da92213c-79f3-468d-bc8a-b81ddfc0613d</string>
  <key>modified_time</key><integer>1524064906</integer>
  <key>version</key><integer>6</integer>
  <key>content_type</key><string>text/xhtml+xml</string>
  <key>created_time</key><integer>1523989982</integer>
  <key>info_sort_dir</key><integer>1</integer>
  <key>order</key><integer>9</integer>
  <key>info_sort</key><string>order</string>
</dict>
</node>
