<?xml version="1.0" encoding="UTF-8"?>
<node>
<version>6</version>
<dict>
  <key>title</key><string>Mount-Shares</string>
  <key>nodeid</key><string>4e9e32fd-fe4f-46a5-850b-47c17c5cf89e</string>
  <key>modified_time</key><integer>1504005080</integer>
  <key>version</key><integer>6</integer>
  <key>content_type</key><string>text/xhtml+xml</string>
  <key>created_time</key><integer>1480251360</integer>
  <key>info_sort_dir</key><integer>1</integer>
  <key>order</key><integer>60</integer>
  <key>info_sort</key><string>order</string>
</dict>
</node>
