<?xml version="1.0" encoding="UTF-8"?>
<node>
<version>6</version>
<dict>
  <key>title</key><string>Enumeration</string>
  <key>nodeid</key><string>f2a35ee4-e1de-4849-b2bf-78c227910915</string>
  <key>modified_time</key><integer>1480250588</integer>
  <key>version</key><integer>6</integer>
  <key>content_type</key><string>text/xhtml+xml</string>
  <key>created_time</key><integer>1480249284</integer>
  <key>info_sort_dir</key><integer>1</integer>
  <key>order</key><integer>84</integer>
  <key>info_sort</key><string>order</string>
</dict>
</node>
