<?xml version="1.0" encoding="UTF-8"?>
<node>
<version>6</version>
<dict>
  <key>title</key><string>LDAP enumeration</string>
  <key>nodeid</key><string>235ef3d2-ee66-4ad9-b1f7-32ba3c5a721a</string>
  <key>modified_time</key><integer>1588986070</integer>
  <key>version</key><integer>6</integer>
  <key>content_type</key><string>text/xhtml+xml</string>
  <key>created_time</key><integer>1588985801</integer>
  <key>info_sort_dir</key><integer>1</integer>
  <key>order</key><integer>4</integer>
  <key>info_sort</key><string>order</string>
</dict>
</node>
