<?xml version="1.0" encoding="UTF-8"?>
<node>
<version>6</version>
<dict>
  <key>title</key><string>Aircrack-ng and JTR Attack</string>
  <key>nodeid</key><string>5a468b7a-1971-429a-906a-508646fe275e</string>
  <key>modified_time</key><integer>1486376627</integer>
  <key>version</key><integer>6</integer>
  <key>content_type</key><string>text/xhtml+xml</string>
  <key>created_time</key><integer>1486376448</integer>
  <key>info_sort_dir</key><integer>1</integer>
  <key>order</key><integer>9</integer>
  <key>info_sort</key><string>order</string>
</dict>
</node>
