<?xml version="1.0" encoding="UTF-8"?>
<node>
<version>6</version>
<dict>
  <key>expanded</key><false/>
  <key>title</key><string>Reverse Shell One Liners</string>
  <key>nodeid</key><string>ea53586e-85a2-4bfd-ac61-f4054a154d01</string>
  <key>modified_time</key><integer>1504010866</integer>
  <key>version</key><integer>6</integer>
  <key>content_type</key><string>text/xhtml+xml</string>
  <key>created_time</key><integer>1504010866</integer>
  <key>info_sort_dir</key><integer>1</integer>
  <key>order</key><integer>28</integer>
  <key>info_sort</key><string>order</string>
</dict>
</node>
