<?xml version="1.0" encoding="UTF-8"?>
<node>
<version>6</version>
<dict>
  <key>title</key><string>Custom-Payloads</string>
  <key>nodeid</key><string>21cc23ea-6992-4b41-afe4-19fdf8a1f257</string>
  <key>modified_time</key><integer>1480250119</integer>
  <key>version</key><integer>6</integer>
  <key>content_type</key><string>text/xhtml+xml</string>
  <key>created_time</key><integer>1480249283</integer>
  <key>info_sort_dir</key><integer>1</integer>
  <key>order</key><integer>90</integer>
  <key>info_sort</key><string>order</string>
</dict>
</node>
