<?xml version="1.0" encoding="UTF-8"?>
<node>
<version>6</version>
<dict>
  <key>title</key><string>Trash</string>
  <key>nodeid</key><string>853acd38-5149-4467-8a0b-909e6d9f9de2</string>
  <key>modified_time</key><integer>1480061844</integer>
  <key>version</key><integer>6</integer>
  <key>content_type</key><string>application/x-notebook-trash</string>
  <key>created_time</key><integer>1480061844</integer>
  <key>info_sort_dir</key><integer>1</integer>
  <key>order</key><integer>102</integer>
  <key>info_sort</key><string>order</string>
</dict>
</node>
