<?xml version="1.0" encoding="UTF-8"?>
<node>
<version>6</version>
<dict>
  <key>title</key><string>Postgresql</string>
  <key>nodeid</key><string>b8315092-3591-48fe-aaf1-6273dfb459de</string>
  <key>modified_time</key><integer>1565265194</integer>
  <key>version</key><integer>6</integer>
  <key>content_type</key><string>text/xhtml+xml</string>
  <key>created_time</key><integer>1565098026</integer>
  <key>info_sort_dir</key><integer>1</integer>
  <key>order</key><integer>41</integer>
  <key>info_sort</key><string>order</string>
</dict>
</node>
