<?xml version="1.0" encoding="UTF-8"?>
<node>
<version>6</version>
<dict>
  <key>expanded</key><false/>
  <key>duplicate_of</key><string>cc399439-509a-4292-b8f8-f6847b74b7e4</string>
  <key>title</key><string>Red Team</string>
  <key>nodeid</key><string>f69d5d2d-0bec-4a5c-a196-f05cd0189488</string>
  <key>modified_time</key><integer>1562668729</integer>
  <key>version</key><integer>6</integer>
  <key>content_type</key><string>text/xhtml+xml</string>
  <key>created_time</key><integer>1531929735</integer>
  <key>info_sort_dir</key><integer>1</integer>
  <key>order</key><integer>4</integer>
  <key>info_sort</key><string>order</string>
</dict>
</node>
