<?xml version="1.0" encoding="UTF-8"?>
<node>
<version>6</version>
<dict>
  <key>title</key><string>CrackMapExec</string>
  <key>nodeid</key><string>1146ff1f-c527-4eb5-be9f-08cdbe3d84e3</string>
  <key>modified_time</key><integer>1565881632</integer>
  <key>version</key><integer>6</integer>
  <key>content_type</key><string>text/xhtml+xml</string>
  <key>created_time</key><integer>1565694402</integer>
  <key>info_sort_dir</key><integer>1</integer>
  <key>order</key><integer>92</integer>
  <key>info_sort</key><string>order</string>
</dict>
</node>
