<?xml version="1.0" encoding="UTF-8"?>
<node>
<version>6</version>
<dict>
  <key>duplicate_of</key><string>4b85868c-d8d1-420c-adf0-69d3b2ba56d1</string>
  <key>title</key><string>More-AD-Notes</string>
  <key>nodeid</key><string>a73ad122-feab-4d92-9ec2-101e1484088a</string>
  <key>modified_time</key><integer>1566156215</integer>
  <key>version</key><integer>6</integer>
  <key>content_type</key><string>text/xhtml+xml</string>
  <key>created_time</key><integer>1566150538</integer>
  <key>info_sort_dir</key><integer>1</integer>
  <key>order</key><integer>1</integer>
  <key>info_sort</key><string>order</string>
</dict>
</node>
