<?xml version="1.0" encoding="UTF-8"?>
<node>
<version>6</version>
<dict>
  <key>title</key><string>Rogue Access Point</string>
  <key>nodeid</key><string>5fe9d286-2f72-4404-94ab-07ee9286ece4</string>
  <key>modified_time</key><integer>1513775125</integer>
  <key>version</key><integer>6</integer>
  <key>content_type</key><string>text/xhtml+xml</string>
  <key>created_time</key><integer>1513775108</integer>
  <key>info_sort_dir</key><integer>1</integer>
  <key>order</key><integer>13</integer>
  <key>info_sort</key><string>order</string>
</dict>
</node>
