<?xml version="1.0" encoding="UTF-8"?>
<node>
<version>6</version>
<dict>
  <key>title</key><string>Apache Rewrite .htaccess</string>
  <key>nodeid</key><string>5e5de4b4-6f38-4f6b-a82a-3513a42b9f7b</string>
  <key>modified_time</key><integer>1555522925</integer>
  <key>version</key><integer>6</integer>
  <key>content_type</key><string>text/xhtml+xml</string>
  <key>created_time</key><integer>1555522228</integer>
  <key>info_sort_dir</key><integer>1</integer>
  <key>order</key><integer>5</integer>
  <key>info_sort</key><string>order</string>
</dict>
</node>
