<?xml version="1.0" encoding="UTF-8"?>
<node>
<version>6</version>
<dict>
  <key>title</key><string>13 Client Side Attacks [2020]</string>
  <key>nodeid</key><string>0b6a7d1b-8fc2-4578-b40c-1313f68669b9</string>
  <key>modified_time</key><integer>1602882149</integer>
  <key>version</key><integer>6</integer>
  <key>content_type</key><string>text/xhtml+xml</string>
  <key>created_time</key><integer>1598825068</integer>
  <key>info_sort_dir</key><integer>1</integer>
  <key>order</key><integer>12</integer>
  <key>info_sort</key><string>order</string>
</dict>
</node>
