<?xml version="1.0" encoding="UTF-8"?>
<node>
<version>6</version>
<dict>
  <key>expanded</key><false/>
  <key>title</key><string>Mainframe</string>
  <key>nodeid</key><string>7e3950be-999f-4a42-8499-9f7d688292b8</string>
  <key>modified_time</key><integer>1494939093</integer>
  <key>version</key><integer>6</integer>
  <key>content_type</key><string>application/x-notebook-dir</string>
  <key>created_time</key><integer>1494939093</integer>
  <key>info_sort_dir</key><integer>1</integer>
  <key>order</key><integer>7</integer>
  <key>info_sort</key><string>order</string>
</dict>
</node>
