<?xml version="1.0" encoding="UTF-8"?>
<node>
<version>6</version>
<dict>
  <key>title</key><string>Blackbox picking</string>
  <key>nodeid</key><string>80ca2803-40ae-44df-ab43-5bb42d3161dd</string>
  <key>modified_time</key><integer>1525520423</integer>
  <key>version</key><integer>6</integer>
  <key>content_type</key><string>text/xhtml+xml</string>
  <key>created_time</key><integer>1525520416</integer>
  <key>info_sort_dir</key><integer>1</integer>
  <key>order</key><integer>0</integer>
  <key>info_sort</key><string>order</string>
</dict>
</node>
