<?xml version="1.0" encoding="UTF-8"?>
<node>
<version>6</version>
<dict>
  <key>title</key><string>De-Duplicate</string>
  <key>nodeid</key><string>ddd000b3-4848-4b20-bbc1-59ef3de32ef3</string>
  <key>modified_time</key><integer>1480250185</integer>
  <key>version</key><integer>6</integer>
  <key>content_type</key><string>text/xhtml+xml</string>
  <key>created_time</key><integer>1480249283</integer>
  <key>info_sort_dir</key><integer>1</integer>
  <key>order</key><integer>88</integer>
  <key>info_sort</key><string>order</string>
</dict>
</node>
