<?xml version="1.0" encoding="UTF-8"?>
<node>
<version>6</version>
<dict>
  <key>title</key><string>Gather-GPP-Creds</string>
  <key>nodeid</key><string>f704f741-4fdf-4f47-b58e-94d232a44637</string>
  <key>modified_time</key><integer>1480250743</integer>
  <key>version</key><integer>6</integer>
  <key>content_type</key><string>text/xhtml+xml</string>
  <key>created_time</key><integer>1480249284</integer>
  <key>info_sort_dir</key><integer>1</integer>
  <key>order</key><integer>80</integer>
  <key>info_sort</key><string>order</string>
</dict>
</node>
