<?xml version="1.0" encoding="UTF-8"?>
<node>
<version>6</version>
<dict>
  <key>title</key><string>Remote and Local File Inclusion</string>
  <key>nodeid</key><string>71104805-887e-4359-98b2-9db969ebd8ae</string>
  <key>modified_time</key><integer>1504007971</integer>
  <key>version</key><integer>6</integer>
  <key>content_type</key><string>text/xhtml+xml</string>
  <key>created_time</key><integer>1503075033</integer>
  <key>info_sort_dir</key><integer>1</integer>
  <key>order</key><integer>30</integer>
  <key>info_sort</key><string>order</string>
</dict>
</node>
