<?xml version="1.0" encoding="UTF-8"?>
<node>
<version>6</version>
<dict>
  <key>expanded</key><false/>
  <key>title</key><string>WiFI-Hacking</string>
  <key>nodeid</key><string>f35bfec0-728a-4a20-8e25-9974cd2f3c9f</string>
  <key>modified_time</key><integer>1485104273</integer>
  <key>version</key><integer>6</integer>
  <key>content_type</key><string>application/x-notebook-dir</string>
  <key>created_time</key><integer>1485104273</integer>
  <key>info_sort_dir</key><integer>1</integer>
  <key>order</key><integer>2</integer>
  <key>info_sort</key><string>order</string>
</dict>
</node>
