<?xml version="1.0" encoding="UTF-8"?>
<node>
<version>6</version>
<dict>
  <key>title</key><string>Trash</string>
  <key>nodeid</key><string>910c2aac-8102-4577-ad64-27d58f5b4c1f</string>
  <key>modified_time</key><integer>1589766102</integer>
  <key>version</key><integer>6</integer>
  <key>content_type</key><string>application/x-notebook-trash</string>
  <key>created_time</key><integer>1589766102</integer>
  <key>info_sort_dir</key><integer>1</integer>
  <key>order</key><integer>6</integer>
  <key>info_sort</key><string>order</string>
</dict>
</node>
