<?xml version="1.0" encoding="UTF-8"?>
<node>
<version>6</version>
<dict>
  <key>title</key><string>Have_A_SHELL?</string>
  <key>nodeid</key><string>c79516c7-398a-4641-915c-65b14a62e838</string>
  <key>modified_time</key><integer>1480250948</integer>
  <key>version</key><integer>6</integer>
  <key>content_type</key><string>text/xhtml+xml</string>
  <key>created_time</key><integer>1480249285</integer>
  <key>info_sort_dir</key><integer>1</integer>
  <key>order</key><integer>75</integer>
  <key>info_sort</key><string>order</string>
</dict>
</node>
