<?xml version="1.0" encoding="UTF-8"?>
<node>
<version>6</version>
<dict>
  <key>title</key><string>Rasperry Pi</string>
  <key>nodeid</key><string>3beecd84-fb05-4e70-926f-3a4df8facd2b</string>
  <key>modified_time</key><integer>1524323514</integer>
  <key>version</key><integer>6</integer>
  <key>content_type</key><string>text/xhtml+xml</string>
  <key>created_time</key><integer>1524236228</integer>
  <key>info_sort_dir</key><integer>1</integer>
  <key>order</key><integer>2</integer>
  <key>info_sort</key><string>order</string>
</dict>
</node>
