<?xml version="1.0" encoding="UTF-8"?>
<node>
<version>6</version>
<dict>
  <key>title</key><string>SNMP</string>
  <key>nodeid</key><string>701997fb-0197-4418-9417-7eb46876471d</string>
  <key>modified_time</key><integer>1480255982</integer>
  <key>version</key><integer>6</integer>
  <key>content_type</key><string>text/xhtml+xml</string>
  <key>created_time</key><integer>1480255908</integer>
  <key>info_sort_dir</key><integer>1</integer>
  <key>order</key><integer>20</integer>
  <key>info_sort</key><string>order</string>
</dict>
</node>
