<?xml version="1.0" encoding="UTF-8"?>
<node>
<version>6</version>
<dict>
  <key>title</key><string>Payloads</string>
  <key>nodeid</key><string>a1fe0c54-1454-4bff-8318-9af63e0cf2e8</string>
  <key>modified_time</key><integer>1544808845</integer>
  <key>version</key><integer>6</integer>
  <key>content_type</key><string>text/xhtml+xml</string>
  <key>created_time</key><integer>1480250967</integer>
  <key>info_sort_dir</key><integer>1</integer>
  <key>order</key><integer>46</integer>
  <key>info_sort</key><string>order</string>
</dict>
</node>
