<?xml version="1.0" encoding="UTF-8"?>
<node>
<version>6</version>
<dict>
  <key>title</key><string>NMAP Stuff - Recon</string>
  <key>nodeid</key><string>794c7f4e-6b96-450c-a38c-2504e20382ab</string>
  <key>modified_time</key><integer>1495031425</integer>
  <key>version</key><integer>6</integer>
  <key>content_type</key><string>text/xhtml+xml</string>
  <key>created_time</key><integer>1494939134</integer>
  <key>info_sort_dir</key><integer>1</integer>
  <key>order</key><integer>0</integer>
  <key>info_sort</key><string>order</string>
</dict>
</node>
