<?xml version="1.0" encoding="UTF-8"?>
<node>
<version>6</version>
<dict>
  <key>title</key><string>Windows - PowerView ACL Enum/Abuse</string>
  <key>nodeid</key><string>d3ae2205-5836-4487-af19-75221dc1dd2f</string>
  <key>modified_time</key><integer>1577034726</integer>
  <key>version</key><integer>6</integer>
  <key>content_type</key><string>text/xhtml+xml</string>
  <key>created_time</key><integer>1576969815</integer>
  <key>info_sort_dir</key><integer>1</integer>
  <key>order</key><integer>9</integer>
  <key>info_sort</key><string>order</string>
</dict>
</node>
