<?xml version="1.0" encoding="UTF-8"?>
<node>
<version>6</version>
<dict>
  <key>duplicate_of</key><string>932fa268-1f1d-4507-bf83-2299799e5264</string>
  <key>title</key><string>AD-Notes-Chirag</string>
  <key>nodeid</key><string>72da908d-025e-4487-a047-56a8a2d344be</string>
  <key>modified_time</key><integer>1566150419</integer>
  <key>version</key><integer>6</integer>
  <key>content_type</key><string>text/xhtml+xml</string>
  <key>created_time</key><integer>1566150403</integer>
  <key>info_sort_dir</key><integer>1</integer>
  <key>order</key><integer>0</integer>
  <key>info_sort</key><string>order</string>
</dict>
</node>
