<?xml version="1.0" encoding="UTF-8"?>
<node>
<version>6</version>
<dict>
  <key>title</key><string>Privilege-Escalation-Linux</string>
  <key>nodeid</key><string>625a22fd-1d79-49a0-a153-b397c20c53b8</string>
  <key>modified_time</key><integer>1480252799</integer>
  <key>version</key><integer>6</integer>
  <key>content_type</key><string>text/xhtml+xml</string>
  <key>created_time</key><integer>1480252401</integer>
  <key>info_sort_dir</key><integer>1</integer>
  <key>order</key><integer>38</integer>
  <key>info_sort</key><string>order</string>
</dict>
</node>
