<?xml version="1.0" encoding="UTF-8"?>
<node>
<version>6</version>
<dict>
  <key>title</key><string>LAPS</string>
  <key>nodeid</key><string>5c0af9cc-34d1-4c70-9804-f6853157e341</string>
  <key>modified_time</key><integer>1576966614</integer>
  <key>version</key><integer>6</integer>
  <key>content_type</key><string>text/xhtml+xml</string>
  <key>created_time</key><integer>1576440567</integer>
  <key>info_sort_dir</key><integer>1</integer>
  <key>order</key><integer>71</integer>
  <key>info_sort</key><string>order</string>
</dict>
</node>
