<?xml version="1.0" encoding="UTF-8"?>
<node>
<version>6</version>
<dict>
  <key>title</key><string>Nessus-OpenVas</string>
  <key>nodeid</key><string>0f0227ec-b1b6-4559-9ee0-18c853fd594f</string>
  <key>modified_time</key><integer>1499960625</integer>
  <key>version</key><integer>6</integer>
  <key>content_type</key><string>text/xhtml+xml</string>
  <key>created_time</key><integer>1480251360</integer>
  <key>info_sort_dir</key><integer>1</integer>
  <key>order</key><integer>57</integer>
  <key>info_sort</key><string>order</string>
</dict>
</node>
