<?xml version="1.0" encoding="UTF-8"?>
<node>
<version>6</version>
<dict>
  <key>expanded</key><false/>
  <key>title</key><string>Physical Hacking</string>
  <key>nodeid</key><string>45f29512-10f2-4774-b001-0501cbbf2aa3</string>
  <key>modified_time</key><integer>1523626849</integer>
  <key>version</key><integer>6</integer>
  <key>content_type</key><string>application/x-notebook-dir</string>
  <key>created_time</key><integer>1523626849</integer>
  <key>info_sort_dir</key><integer>1</integer>
  <key>order</key><integer>1</integer>
  <key>info_sort</key><string>order</string>
</dict>
</node>
