<?xml version="1.0" encoding="UTF-8"?>
<node>
<version>6</version>
<dict>
  <key>title</key><string>Perl-Reverse-Shell-cgi-format</string>
  <key>nodeid</key><string>e8fc11c6-7808-4912-bdd0-aff95cd44768</string>
  <key>modified_time</key><integer>1504008611</integer>
  <key>version</key><integer>6</integer>
  <key>content_type</key><string>text/xhtml+xml</string>
  <key>created_time</key><integer>1480250967</integer>
  <key>info_sort_dir</key><integer>1</integer>
  <key>order</key><integer>2</integer>
  <key>info_sort</key><string>order</string>
</dict>
</node>
