<?xml version="1.0" encoding="UTF-8"?>
<node>
<version>6</version>
<dict>
  <key>title</key><string>Curl-WGET</string>
  <key>nodeid</key><string>2a1e85e0-103e-4d61-966f-8af34711215d</string>
  <key>modified_time</key><integer>1575747618</integer>
  <key>version</key><integer>6</integer>
  <key>content_type</key><string>text/xhtml+xml</string>
  <key>created_time</key><integer>1480249283</integer>
  <key>info_sort_dir</key><integer>1</integer>
  <key>order</key><integer>91</integer>
  <key>info_sort</key><string>order</string>
</dict>
</node>
