<?xml version="1.0" encoding="UTF-8"?>
<node>
<version>6</version>
<dict>
  <key>title</key><string>WEP shared Key Authentication Attack</string>
  <key>nodeid</key><string>1f5901c8-8317-48e6-aafe-85143574d24f</string>
  <key>modified_time</key><integer>1486376562</integer>
  <key>expanded2</key><true/>
  <key>version</key><integer>6</integer>
  <key>content_type</key><string>text/xhtml+xml</string>
  <key>created_time</key><integer>1486376433</integer>
  <key>info_sort_dir</key><integer>1</integer>
  <key>order</key><integer>7</integer>
  <key>info_sort</key><string>order</string>
</dict>
</node>
