<?xml version="1.0" encoding="UTF-8"?>
<node>
<version>6</version>
<dict>
  <key>title</key><string>After Initial Access</string>
  <key>nodeid</key><string>88c9e7ce-6ca4-4da7-aa38-a6a6fc9b56de</string>
  <key>modified_time</key><integer>1558017988</integer>
  <key>version</key><integer>6</integer>
  <key>content_type</key><string>text/xhtml+xml</string>
  <key>created_time</key><integer>1558014045</integer>
  <key>info_sort_dir</key><integer>1</integer>
  <key>order</key><integer>0</integer>
  <key>info_sort</key><string>order</string>
</dict>
</node>
