<?xml version="1.0" encoding="UTF-8"?>
<node>
<version>6</version>
<dict>
  <key>title</key><string>Pyrit Attack</string>
  <key>nodeid</key><string>37ab4446-bbbb-46b1-a944-afddf943324c</string>
  <key>modified_time</key><integer>1486376707</integer>
  <key>version</key><integer>6</integer>
  <key>content_type</key><string>text/xhtml+xml</string>
  <key>created_time</key><integer>1486376680</integer>
  <key>info_sort_dir</key><integer>1</integer>
  <key>order</key><integer>12</integer>
  <key>info_sort</key><string>order</string>
</dict>
</node>
