<?xml version="1.0" encoding="UTF-8"?>
<node>
<version>6</version>
<dict>
  <key>title</key><string>Linux</string>
  <key>nodeid</key><string>cf9141c0-48ed-4897-837b-537370b03763</string>
  <key>modified_time</key><integer>1565358645</integer>
  <key>version</key><integer>6</integer>
  <key>content_type</key><string>text/xhtml+xml</string>
  <key>created_time</key><integer>1480251359</integer>
  <key>info_sort_dir</key><integer>1</integer>
  <key>order</key><integer>69</integer>
  <key>info_sort</key><string>order</string>
</dict>
</node>
