<?xml version="1.0" encoding="UTF-8"?>
<node>
<version>6</version>
<dict>
  <key>title</key><string>SQL</string>
  <key>nodeid</key><string>7b4011e6-0e69-49e1-b91d-bc596461fcc3</string>
  <key>modified_time</key><integer>1537728954</integer>
  <key>version</key><integer>6</integer>
  <key>content_type</key><string>text/xhtml+xml</string>
  <key>created_time</key><integer>1480255908</integer>
  <key>info_sort_dir</key><integer>1</integer>
  <key>order</key><integer>17</integer>
  <key>info_sort</key><string>order</string>
</dict>
</node>
