<?xml version="1.0" encoding="UTF-8"?>
<node>
<version>6</version>
<dict>
  <key>title</key><string>Group-Policy-Decrypt-Passwords</string>
  <key>nodeid</key><string>27d8e749-143f-4f00-8121-1c93f733fa78</string>
  <key>modified_time</key><integer>1480250917</integer>
  <key>version</key><integer>6</integer>
  <key>content_type</key><string>text/xhtml+xml</string>
  <key>created_time</key><integer>1480249285</integer>
  <key>info_sort_dir</key><integer>1</integer>
  <key>order</key><integer>77</integer>
  <key>info_sort</key><string>order</string>
</dict>
</node>
