<?xml version="1.0" encoding="UTF-8"?>
<node>
<version>6</version>
<dict>
  <key>title</key><string>OSINT</string>
  <key>nodeid</key><string>717a846a-ae4c-4d5d-bc94-3a9aabf501df</string>
  <key>modified_time</key><integer>1562670070</integer>
  <key>version</key><integer>6</integer>
  <key>content_type</key><string>text/xhtml+xml</string>
  <key>created_time</key><integer>1525961272</integer>
  <key>info_sort_dir</key><integer>1</integer>
  <key>order</key><integer>51</integer>
  <key>info_sort</key><string>order</string>
</dict>
</node>
