<?xml version="1.0" encoding="UTF-8"?>
<node>
<version>6</version>
<dict>
  <key>title</key><string>1 General Course Information [2020]</string>
  <key>nodeid</key><string>8f4decc2-7e1c-4b73-a8c3-9510e97c595c</string>
  <key>modified_time</key><integer>1605745727</integer>
  <key>version</key><integer>6</integer>
  <key>content_type</key><string>text/xhtml+xml</string>
  <key>created_time</key><integer>1598825205</integer>
  <key>info_sort_dir</key><integer>1</integer>
  <key>order</key><integer>0</integer>
  <key>info_sort</key><string>order</string>
</dict>
</node>
