<?xml version="1.0" encoding="UTF-8"?>
<node>
<version>6</version>
<dict>
  <key>expanded</key><false/>
  <key>title</key><string>Lockpicking</string>
  <key>nodeid</key><string>06618b72-e5a5-420f-9251-b54e72f2d942</string>
  <key>modified_time</key><integer>1525520398</integer>
  <key>version</key><integer>6</integer>
  <key>content_type</key><string>application/x-notebook-dir</string>
  <key>created_time</key><integer>1525520398</integer>
  <key>info_sort_dir</key><integer>1</integer>
  <key>order</key><integer>0</integer>
  <key>info_sort</key><string>order</string>
</dict>
</node>
