<?xml version="1.0" encoding="UTF-8"?>
<node>
<version>6</version>
<dict>
  <key>title</key><string>Put-HTTP</string>
  <key>nodeid</key><string>857c7790-1d40-40c5-a5a2-6b49e1fd9d93</string>
  <key>modified_time</key><integer>1503069996</integer>
  <key>version</key><integer>6</integer>
  <key>content_type</key><string>text/xhtml+xml</string>
  <key>created_time</key><integer>1480252402</integer>
  <key>info_sort_dir</key><integer>1</integer>
  <key>order</key><integer>35</integer>
  <key>info_sort</key><string>order</string>
</dict>
</node>
