<?xml version="1.0" encoding="UTF-8"?>
<node>
<version>6</version>
<dict>
  <key>title</key><string>port-forward</string>
  <key>nodeid</key><string>b2207a15-0cee-47d2-ad92-ca79c025b592</string>
  <key>modified_time</key><integer>1504012102</integer>
  <key>version</key><integer>6</integer>
  <key>content_type</key><string>text/xhtml+xml</string>
  <key>created_time</key><integer>1480530230</integer>
  <key>info_sort_dir</key><integer>1</integer>
  <key>order</key><integer>43</integer>
  <key>info_sort</key><string>order</string>
</dict>
</node>
