<?xml version="1.0" encoding="UTF-8"?>
<node>
<version>6</version>
<dict>
  <key>title</key><string>Pass the hash</string>
  <key>nodeid</key><string>e34bd90c-3aea-4939-a9a0-d76f6fd998d9</string>
  <key>modified_time</key><integer>1562670047</integer>
  <key>version</key><integer>6</integer>
  <key>content_type</key><string>text/xhtml+xml</string>
  <key>created_time</key><integer>1516172261</integer>
  <key>info_sort_dir</key><integer>1</integer>
  <key>order</key><integer>49</integer>
  <key>info_sort</key><string>order</string>
</dict>
</node>
