<?xml version="1.0" encoding="UTF-8"?>
<node>
<version>6</version>
<dict>
  <key>title</key><string>droopescan</string>
  <key>nodeid</key><string>3dea3fb6-2ac4-43cb-925f-da8319861dbd</string>
  <key>modified_time</key><integer>1515955308</integer>
  <key>version</key><integer>6</integer>
  <key>content_type</key><string>text/xhtml+xml</string>
  <key>created_time</key><integer>1515955298</integer>
  <key>info_sort_dir</key><integer>1</integer>
  <key>order</key><integer>87</integer>
  <key>info_sort</key><string>order</string>
</dict>
</node>
