<?xml version="1.0" encoding="UTF-8"?>
<node>
<version>6</version>
<dict>
  <key>title</key><string>Rbash</string>
  <key>nodeid</key><string>051e790a-8fcc-43ed-b3a9-eef36827b34d</string>
  <key>modified_time</key><integer>1480253010</integer>
  <key>version</key><integer>6</integer>
  <key>content_type</key><string>text/xhtml+xml</string>
  <key>created_time</key><integer>1480252402</integer>
  <key>info_sort_dir</key><integer>1</integer>
  <key>order</key><integer>33</integer>
  <key>info_sort</key><string>order</string>
</dict>
</node>
