<?xml version="1.0" encoding="UTF-8"?>
<node>
<version>6</version>
<dict>
  <key>title</key><string>coWPAtty Attack</string>
  <key>nodeid</key><string>edb5052a-ae03-4a97-ac1f-9e864cfb2e6b</string>
  <key>modified_time</key><integer>1486376678</integer>
  <key>version</key><integer>6</integer>
  <key>content_type</key><string>text/xhtml+xml</string>
  <key>created_time</key><integer>1486376628</integer>
  <key>info_sort_dir</key><integer>1</integer>
  <key>order</key><integer>11</integer>
  <key>info_sort</key><string>order</string>
</dict>
</node>
