<?xml version="1.0" encoding="UTF-8"?>
<node>
<version>6</version>
<dict>
  <key>expanded</key><false/>
  <key>title</key><string>Metasploit/Meterpreter</string>
  <key>nodeid</key><string>eb484c73-9f6a-4ecf-9e19-e53670ea5b4d</string>
  <key>modified_time</key><integer>1504008064</integer>
  <key>version</key><integer>6</integer>
  <key>content_type</key><string>text/xhtml+xml</string>
  <key>created_time</key><integer>1504008064</integer>
  <key>info_sort_dir</key><integer>1</integer>
  <key>order</key><integer>64</integer>
  <key>info_sort</key><string>order</string>
</dict>
</node>
