<?xml version="1.0" encoding="UTF-8"?>
<node>
<version>6</version>
<dict>
  <key>title</key><string>GODDI - Domain Enumeration</string>
  <key>nodeid</key><string>0a8cec6a-7e0a-43aa-89aa-8f435b832db6</string>
  <key>modified_time</key><integer>1548210559</integer>
  <key>version</key><integer>6</integer>
  <key>content_type</key><string>text/xhtml+xml</string>
  <key>created_time</key><integer>1548210544</integer>
  <key>info_sort_dir</key><integer>1</integer>
  <key>order</key><integer>78</integer>
  <key>info_sort</key><string>order</string>
</dict>
</node>
