<?xml version="1.0" encoding="UTF-8"?>
<node>
<version>6</version>
<dict>
  <key>title</key><string>Post-Compromise Attacks</string>
  <key>nodeid</key><string>4ca32dd8-b335-4fbc-bf26-4981c14520bf</string>
  <key>modified_time</key><integer>1587412547</integer>
  <key>version</key><integer>6</integer>
  <key>content_type</key><string>text/xhtml+xml</string>
  <key>created_time</key><integer>1583671615</integer>
  <key>info_sort_dir</key><integer>1</integer>
  <key>order</key><integer>6</integer>
  <key>info_sort</key><string>order</string>
</dict>
</node>
