<?xml version="1.0" encoding="UTF-8"?>
<node>
<version>6</version>
<dict>
  <key>title</key><string>SAFETY</string>
  <key>nodeid</key><string>20ad2c0a-ee10-4bba-9faa-5bdc6021916f</string>
  <key>modified_time</key><integer>1568471680</integer>
  <key>version</key><integer>6</integer>
  <key>content_type</key><string>text/xhtml+xml</string>
  <key>created_time</key><integer>1556201443</integer>
  <key>info_sort_dir</key><integer>1</integer>
  <key>order</key><integer>8</integer>
  <key>info_sort</key><string>order</string>
</dict>
</node>
