<?xml version="1.0" encoding="UTF-8"?>
<node>
<version>6</version>
<dict>
  <key>title</key><string>Spawn_A_BETTER_SHELL / Break out of shit shell</string>
  <key>nodeid</key><string>7238091e-4e01-48a0-871c-5707d00dd94b</string>
  <key>modified_time</key><integer>1480256006</integer>
  <key>version</key><integer>6</integer>
  <key>content_type</key><string>text/xhtml+xml</string>
  <key>created_time</key><integer>1480255908</integer>
  <key>info_sort_dir</key><integer>1</integer>
  <key>order</key><integer>19</integer>
  <key>info_sort</key><string>order</string>
</dict>
</node>
