<?xml version="1.0" encoding="UTF-8"?>
<node>
<version>6</version>
<dict>
  <key>title</key><string>CPL Resource Runner Payload</string>
  <key>nodeid</key><string>89a483ee-fc28-4444-9cdc-9d2f7e623f14</string>
  <key>modified_time</key><integer>1554478401</integer>
  <key>version</key><integer>6</integer>
  <key>content_type</key><string>text/xhtml+xml</string>
  <key>created_time</key><integer>1554470523</integer>
  <key>info_sort_dir</key><integer>1</integer>
  <key>order</key><integer>1</integer>
  <key>info_sort</key><string>order</string>
</dict>
</node>
