<?xml version="1.0" encoding="UTF-8"?>
<node>
<version>6</version>
<dict>
  <key>title</key><string>Mail Sniper</string>
  <key>nodeid</key><string>7f703fff-f480-4c35-b2fd-c5d53c89f585</string>
  <key>modified_time</key><integer>1528058467</integer>
  <key>version</key><integer>6</integer>
  <key>content_type</key><string>text/xhtml+xml</string>
  <key>created_time</key><integer>1528055586</integer>
  <key>info_sort_dir</key><integer>1</integer>
  <key>order</key><integer>63</integer>
  <key>info_sort</key><string>order</string>
</dict>
</node>
