<?xml version="1.0" encoding="UTF-8"?>
<node>
<version>6</version>
<dict>
  <key>title</key><string>SMB/NetBios/RPC</string>
  <key>nodeid</key><string>7820321b-e4fd-4fc5-9b62-00881d16147c</string>
  <key>modified_time</key><integer>1562668459</integer>
  <key>version</key><integer>6</integer>
  <key>content_type</key><string>text/xhtml+xml</string>
  <key>created_time</key><integer>1480256349</integer>
  <key>info_sort_dir</key><integer>1</integer>
  <key>order</key><integer>21</integer>
  <key>info_sort</key><string>order</string>
</dict>
</node>
