<?xml version="1.0" encoding="UTF-8"?>
<node>
<version>6</version>
<dict>
  <key>title</key><string>Shell-For-Buffer-Overflow</string>
  <key>nodeid</key><string>b6f91f9b-c44e-4c93-94ea-8eb1296d88f2</string>
  <key>modified_time</key><integer>1480255792</integer>
  <key>version</key><integer>6</integer>
  <key>content_type</key><string>text/xhtml+xml</string>
  <key>created_time</key><integer>1480252404</integer>
  <key>info_sort_dir</key><integer>1</integer>
  <key>order</key><integer>23</integer>
  <key>info_sort</key><string>order</string>
</dict>
</node>
