<?xml version="1.0" encoding="UTF-8"?>
<node>
<version>6</version>
<dict>
  <key>expanded</key><false/>
  <key>duplicate_of</key><string>d26852ea-19be-4bd5-a9dd-033509aced81</string>
  <key>nodeid</key><string>050865d2-6b70-445a-afb8-a3b29f82ab08</string>
  <key>modified_time</key><integer>1566150519</integer>
  <key>content_type</key><string>application/x-notebook-dir</string>
  <key>created_time</key><integer>1566150519</integer>
  <key>info_sort_dir</key><integer>1</integer>
  <key>title</key><string>AD-Notes</string>
  <key>version</key><integer>6</integer>
  <key>order</key><integer>0</integer>
  <key>info_sort</key><string>order</string>
</dict>
</node>
