<?xml version="1.0" encoding="UTF-8"?>
<node>
<version>6</version>
<dict>
  <key>title</key><string>Host_discovery-DNS</string>
  <key>nodeid</key><string>71c1fc81-d54b-4d0d-b10d-7aec7086b5de</string>
  <key>modified_time</key><integer>1502030255</integer>
  <key>version</key><integer>6</integer>
  <key>content_type</key><string>text/xhtml+xml</string>
  <key>created_time</key><integer>1480249283</integer>
  <key>info_sort_dir</key><integer>1</integer>
  <key>order</key><integer>74</integer>
  <key>info_sort</key><string>order</string>
</dict>
</node>
