<?xml version="1.0" encoding="UTF-8"?>
<node>
<version>6</version>
<dict>
  <key>title</key><string>Images-with-Files-in-them</string>
  <key>nodeid</key><string>63b55bb1-44d9-49ba-afc0-97a61d6b8026</string>
  <key>modified_time</key><integer>1493234018</integer>
  <key>version</key><integer>6</integer>
  <key>content_type</key><string>text/xhtml+xml</string>
  <key>created_time</key><integer>1480250966</integer>
  <key>info_sort_dir</key><integer>1</integer>
  <key>order</key><integer>72</integer>
  <key>info_sort</key><string>order</string>
</dict>
</node>
