<?xml version="1.0" encoding="UTF-8"?>
<node>
<version>6</version>
<dict>
  <key>title</key><string>OverPass the Hash with Rubeus/Beacon - HarmJ0y</string>
  <key>nodeid</key><string>aebd9cbe-8e4a-4163-af1d-b42a13918f64</string>
  <key>modified_time</key><integer>1566472898</integer>
  <key>version</key><integer>6</integer>
  <key>content_type</key><string>text/xhtml+xml</string>
  <key>created_time</key><integer>1566472866</integer>
  <key>info_sort_dir</key><integer>1</integer>
  <key>order</key><integer>3</integer>
  <key>info_sort</key><string>order</string>
</dict>
</node>
