<?xml version="1.0" encoding="UTF-8"?>
<node>
<version>6</version>
<dict>
  <key>title</key><string>12 Linux Buffer Overflow +++++</string>
  <key>nodeid</key><string>d38ee030-ea34-45ae-9b3a-8198a7a6063c</string>
  <key>modified_time</key><integer>1598825182</integer>
  <key>version</key><integer>6</integer>
  <key>content_type</key><string>text/xhtml+xml</string>
  <key>created_time</key><integer>1598825182</integer>
  <key>info_sort_dir</key><integer>1</integer>
  <key>order</key><integer>11</integer>
  <key>info_sort</key><string>order</string>
</dict>
</node>
