<?xml version="1.0" encoding="UTF-8"?>
<node>
<version>6</version>
<dict>
  <key>title</key><string>Tools-Sources</string>
  <key>nodeid</key><string>03f7dc14-1a9e-4c69-8a79-2ae5a2de6d13</string>
  <key>modified_time</key><integer>1480256222</integer>
  <key>version</key><integer>6</integer>
  <key>content_type</key><string>text/xhtml+xml</string>
  <key>created_time</key><integer>1480255909</integer>
  <key>info_sort_dir</key><integer>1</integer>
  <key>order</key><integer>12</integer>
  <key>info_sort</key><string>order</string>
</dict>
</node>
