<?xml version="1.0" encoding="UTF-8"?>
<node>
<version>6</version>
<dict>
  <key>duplicate_of</key><string>16d9f96f-85ae-44d9-97b2-c31f27ff64a0</string>
  <key>title</key><string>LAPS Abuse</string>
  <key>nodeid</key><string>e8ce6109-425d-4e79-976c-20564cffcf99</string>
  <key>modified_time</key><integer>1576718420</integer>
  <key>version</key><integer>6</integer>
  <key>content_type</key><string>text/xhtml+xml</string>
  <key>created_time</key><integer>1576717982</integer>
  <key>info_sort_dir</key><integer>1</integer>
  <key>order</key><integer>3</integer>
  <key>info_sort</key><string>order</string>
</dict>
</node>
