<?xml version="1.0" encoding="UTF-8"?>
<node>
<version>6</version>
<dict>
  <key>title</key><string>Fluxion</string>
  <key>nodeid</key><string>0577f1fb-6208-420f-8965-d12242d61405</string>
  <key>modified_time</key><integer>1514830229</integer>
  <key>version</key><integer>6</integer>
  <key>content_type</key><string>text/xhtml+xml</string>
  <key>created_time</key><integer>1514830224</integer>
  <key>info_sort_dir</key><integer>1</integer>
  <key>order</key><integer>15</integer>
  <key>info_sort</key><string>order</string>
</dict>
</node>
