<?xml version="1.0" encoding="UTF-8"?>
<node>
<version>6</version>
<dict>
  <key>title</key><string>DNS-ZONE-TRANSFER</string>
  <key>nodeid</key><string>8e0777f5-b605-4aba-93cf-a4f0e3b9ccf5</string>
  <key>modified_time</key><integer>1480250512</integer>
  <key>version</key><integer>6</integer>
  <key>content_type</key><string>text/xhtml+xml</string>
  <key>created_time</key><integer>1480249284</integer>
  <key>info_sort_dir</key><integer>1</integer>
  <key>order</key><integer>85</integer>
  <key>info_sort</key><string>order</string>
</dict>
</node>
