<?xml version="1.0" encoding="UTF-8"?>
<node>
<version>6</version>
<dict>
  <key>title</key><string>Certificate TLS and SSL</string>
  <key>nodeid</key><string>1035679b-78cb-4d0a-aaf6-27cc87ef618b</string>
  <key>modified_time</key><integer>1544790155</integer>
  <key>version</key><integer>6</integer>
  <key>content_type</key><string>text/xhtml+xml</string>
  <key>created_time</key><integer>1537877579</integer>
  <key>info_sort_dir</key><integer>1</integer>
  <key>order</key><integer>95</integer>
  <key>info_sort</key><string>order</string>
</dict>
</node>
