<?xml version="1.0" encoding="UTF-8"?>
<node>
<version>6</version>
<dict>
  <key>expanded</key><true/>
  <key>title</key><string>17 AV evasion [2020]</string>
  <key>nodeid</key><string>a02f3417-4f48-436e-9a06-7277a1729c2f</string>
  <key>modified_time</key><integer>1604574485</integer>
  <key>version</key><integer>6</integer>
  <key>content_type</key><string>text/xhtml+xml</string>
  <key>created_time</key><integer>1603060914</integer>
  <key>info_sort_dir</key><integer>1</integer>
  <key>order</key><integer>16</integer>
  <key>info_sort</key><string>order</string>
</dict>
</node>
