<?xml version="1.0" encoding="UTF-8"?>
<node>
<version>6</version>
<dict>
  <key>title</key><string>Hostapd</string>
  <key>nodeid</key><string>5718e8d0-68f6-4878-bbef-f431f175bc72</string>
  <key>modified_time</key><integer>1514742289</integer>
  <key>version</key><integer>6</integer>
  <key>content_type</key><string>text/xhtml+xml</string>
  <key>created_time</key><integer>1514742253</integer>
  <key>info_sort_dir</key><integer>1</integer>
  <key>order</key><integer>14</integer>
  <key>info_sort</key><string>order</string>
</dict>
</node>
