<?xml version="1.0" encoding="UTF-8"?>
<node>
<version>6</version>
<dict>
  <key>title</key><string>Outlook and OWA</string>
  <key>nodeid</key><string>51a0c0a2-47e9-4819-b484-c3d964e5c429</string>
  <key>modified_time</key><integer>1553108307</integer>
  <key>version</key><integer>6</integer>
  <key>content_type</key><string>text/xhtml+xml</string>
  <key>created_time</key><integer>1537723875</integer>
  <key>info_sort_dir</key><integer>1</integer>
  <key>order</key><integer>50</integer>
  <key>info_sort</key><string>order</string>
</dict>
</node>
