<?xml version="1.0" encoding="UTF-8"?>
<node>
<version>6</version>
<dict>
  <key>title</key><string>C2 Infrastructure</string>
  <key>nodeid</key><string>79c00fe3-c3c1-4f88-8df3-fcfef41c4606</string>
  <key>modified_time</key><integer>1562670480</integer>
  <key>version</key><integer>6</integer>
  <key>content_type</key><string>text/xhtml+xml</string>
  <key>created_time</key><integer>1555510030</integer>
  <key>info_sort_dir</key><integer>1</integer>
  <key>order</key><integer>2</integer>
  <key>info_sort</key><string>order</string>
</dict>
</node>
