<?xml version="1.0" encoding="UTF-8"?>
<node>
<version>6</version>
<dict>
  <key>title</key><string>Situational Awareness - Harmj0y</string>
  <key>nodeid</key><string>e2b9cb3b-8b89-40e1-817e-a12a9b8a7ae8</string>
  <key>modified_time</key><integer>1566469356</integer>
  <key>version</key><integer>6</integer>
  <key>content_type</key><string>text/xhtml+xml</string>
  <key>created_time</key><integer>1566469331</integer>
  <key>info_sort_dir</key><integer>1</integer>
  <key>order</key><integer>9</integer>
  <key>info_sort</key><string>order</string>
</dict>
</node>
