<?xml version="1.0" encoding="UTF-8"?>
<node>
<version>6</version>
<dict>
  <key>title</key><string>11 Windows Buffer OverFlows</string>
  <key>nodeid</key><string>5238254a-dbc1-49bc-8719-a827f6bd0fee</string>
  <key>modified_time</key><integer>1598825049</integer>
  <key>version</key><integer>6</integer>
  <key>content_type</key><string>text/xhtml+xml</string>
  <key>created_time</key><integer>1598731759</integer>
  <key>info_sort_dir</key><integer>1</integer>
  <key>order</key><integer>10</integer>
  <key>info_sort</key><string>order</string>
</dict>
</node>
