<?xml version="1.0" encoding="UTF-8"?>
<node>
<version>6</version>
<dict>
  <key>title</key><string>Block-IP-IPTABLES</string>
  <key>nodeid</key><string>89f2d99a-e4e3-443e-8502-aca94299dc78</string>
  <key>modified_time</key><integer>1480249491</integer>
  <key>version</key><integer>6</integer>
  <key>content_type</key><string>text/xhtml+xml</string>
  <key>created_time</key><integer>1480249281</integer>
  <key>info_sort_dir</key><integer>1</integer>
  <key>order</key><integer>100</integer>
  <key>info_sort</key><string>order</string>
</dict>
</node>
