<?xml version="1.0" encoding="UTF-8"?>
<node>
<version>6</version>
<dict>
  <key>title</key><string>Lateral Movement</string>
  <key>nodeid</key><string>e0ce871d-2fcc-4dc0-abb9-dbf9cda0f22c</string>
  <key>modified_time</key><integer>1531505348</integer>
  <key>version</key><integer>6</integer>
  <key>content_type</key><string>text/xhtml+xml</string>
  <key>created_time</key><integer>1531505163</integer>
  <key>info_sort_dir</key><integer>1</integer>
  <key>order</key><integer>70</integer>
  <key>info_sort</key><string>order</string>
</dict>
</node>
