<?xml version="1.0" encoding="UTF-8"?>
<node>
<version>6</version>
<dict>
  <key>expanded</key><true/>
  <key>title</key><string>Trash</string>
  <key>nodeid</key><string>b52260e9-1ed5-446f-b948-ccd756c6cc6b</string>
  <key>modified_time</key><integer>1483317271</integer>
  <key>version</key><integer>6</integer>
  <key>content_type</key><string>application/x-notebook-trash</string>
  <key>created_time</key><integer>1483317271</integer>
  <key>info_sort_dir</key><integer>1</integer>
  <key>order</key><integer>14</integer>
  <key>info_sort</key><string>order</string>
</dict>
</node>
