<?xml version="1.0" encoding="UTF-8"?>
<node>
<version>6</version>
<dict>
  <key>expanded</key><false/>
  <key>title</key><string>Mimikatz</string>
  <key>nodeid</key><string>f55de1a2-9e87-4b11-9335-4c4dc06ce1d5</string>
  <key>modified_time</key><integer>1576535543</integer>
  <key>version</key><integer>6</integer>
  <key>content_type</key><string>text/xhtml+xml</string>
  <key>created_time</key><integer>1544822192</integer>
  <key>info_sort_dir</key><integer>1</integer>
  <key>order</key><integer>62</integer>
  <key>info_sort</key><string>order</string>
</dict>
</node>
