<?xml version="1.0" encoding="UTF-8"?>
<node>
<version>6</version>
<dict>
  <key>title</key><string>Fresh-Install</string>
  <key>nodeid</key><string>7a9cfd87-8d9b-4956-bfd1-b2bcf969fd26</string>
  <key>modified_time</key><integer>1495025354</integer>
  <key>version</key><integer>6</integer>
  <key>content_type</key><string>text/xhtml+xml</string>
  <key>created_time</key><integer>1480249284</integer>
  <key>info_sort_dir</key><integer>1</integer>
  <key>order</key><integer>81</integer>
  <key>info_sort</key><string>order</string>
</dict>
</node>
