<?xml version="1.0" encoding="UTF-8"?>
<node>
<version>6</version>
<dict>
  <key>title</key><string>MAC ADDRESS Change</string>
  <key>nodeid</key><string>e56fe7e3-c74f-4d68-9d8b-8437566ba451</string>
  <key>modified_time</key><integer>1493134245</integer>
  <key>version</key><integer>6</integer>
  <key>content_type</key><string>text/xhtml+xml</string>
  <key>created_time</key><integer>1493133926</integer>
  <key>info_sort_dir</key><integer>1</integer>
  <key>order</key><integer>67</integer>
  <key>info_sort</key><string>order</string>
</dict>
</node>
