<?xml version="1.0" encoding="UTF-8"?>
<node>
<version>6</version>
<dict>
  <key>title</key><string>Privilege-Escalation-Windows - and Empire</string>
  <key>nodeid</key><string>a3e4e570-4506-4f20-a24b-74583a6796eb</string>
  <key>modified_time</key><integer>1533497495</integer>
  <key>version</key><integer>6</integer>
  <key>content_type</key><string>text/xhtml+xml</string>
  <key>created_time</key><integer>1481107715</integer>
  <key>info_sort_dir</key><integer>1</integer>
  <key>order</key><integer>39</integer>
  <key>info_sort</key><string>order</string>
</dict>
</node>
