<?xml version="1.0" encoding="UTF-8"?>
<node>
<version>6</version>
<dict>
  <key>title</key><string>EAPHAMMER</string>
  <key>nodeid</key><string>08b4d57d-6eb2-4d00-b0ea-476b5159d639</string>
  <key>modified_time</key><integer>1562670827</integer>
  <key>version</key><integer>6</integer>
  <key>content_type</key><string>text/xhtml+xml</string>
  <key>created_time</key><integer>1515606734</integer>
  <key>info_sort_dir</key><integer>1</integer>
  <key>order</key><integer>10</integer>
  <key>info_sort</key><string>order</string>
</dict>
</node>
